<?xml version="1.0" encoding="UTF-8" ?>
<!DOCTYPE mapper
        PUBLIC "-//mybatis.org//DTD Mapper 3.0//EN"
        "https://mybatis.org/dtd/mybatis-3-mapper.dtd">


<mapper namespace="com.study.clothclone.repository.ProductRepository">

    <resultMap id="getProductDtl" type="com.study.clothclone.domain.ProductDetail">
        <result property="id" column="pdt_dtl_id"></result>
        <result property="pdt_color" column="pdt_color"></result>
        <result property="size_id" column="size_id"></result>
        <result property="size_name" column="size_name"></result>
        <result property="pdt_stock" column="pdt_stock"></result>
    </resultMap>

    <resultMap id="getProductImg" type="com.study.clothclone.domain.ProductImg">
        <result property="save_name" column="save_name"></result>
    </resultMap>

    <resultMap id="getProductMst" type="com.study.clothclone.domain.Product">
        <result property="id" column="pdt_id"></result>
        <result property="pdt_name" column="pdt_name"></result>
        <result property="pdt_price" column="pdt_price"></result>
        <result property="pdt_simple_info" column="pdt_simple_info"></result>
        <result property="pdt_detail_info" column="pdt_detail_info"></result>
        <result property="pdt_option_info" column="pdt_option_info"></result>
        <result property="pdt_management_info" column="pdt_management_info"></result>
        <result property="pdt_shipping_info" column="pdt_shipping_info"></result>
        <collection property="pdt_dtls" javaType="list" resultMap="getProductDtl"></collection>
        <collection property="pdt_imgs" javaType="list" resultMap="getProductImg"></collection>
    </resultMap>

    <select id="getProductList" parameterType="hashmap" resultType="com.study.clothclone.domain.CollectionsProduct">
        select
            pm.id,
            pm.pdt_name,
            pm.pdt_price,
            pim.save_name,
            pm_cnt.product_total_count,
            pm.pdt_simple_info
        from
            pdt_mst pm
            left outer join pdt_image_mst pim on(pim.pdt_id = pm.id)
            left outer join (   select count(*) product_total_count
            from pdt_mst
        where 1 = 1
            <if test='category != "all"'>
                and category_id = (select id from pdt_category_mst where category_name = #{category})
            </if> ) pm_cnt on(1 = 1)
        where
        1 = 1
            <if test='category != "all"'>
                and pm.category_id = (select id from pdt_category_mst where category_name = #{category})
            </if>
            group by
            pm.id
            limit #{index}, 16

    </select>
    <select id="getProduct" resultMap="getProductMst">
        SELECT
        pm.id AS pdt_id,
        pm.pdt_name,
        pm.pdt_price,
        pm.pdt_simple_info,
        pm.pdt_detail_info,
        pm.pdt_option_info,
        pm.pdt_management_info,
        pm.pdt_shipping_info,
        pd.id AS pdt_dtl_id,
        pd.size_id,
        psm.size_name,
        pd.pdt_color,
        pd.pdt_stock,
        pim.save_name
        FROM
        pdt_mst pm
        LEFT OUTER JOIN pdt_dtl pd ON(pd.pdt_id = pm.id)
        LEFT OUTER JOIN pdt_size_dtl psd ON(psd.id = pd.size_id)
        LEFT OUTER JOIN pdt_size_mst psm ON(psm.id = psd.size_id)
        LEFT OUTER JOIN pdt_image_mst pim ON(pim.pdt_id = pm.id)
        WHERE
        pm.id = #{pdtId}
    </select>
    <select id="getPaymentProduct" resultType="com.study.clothclone.domain.PaymentProduct">
        SELECT
        pd.id AS pdt_dtl_id,
        pd.pdt_id,
        pm.pdt_name,
        pm.pdt_price,
        pd.pdt_color,
        pd.size_id,
        psm.size_name,
        pim.save_name
        FROM
        pdt_dtl pd
        LEFT OUTER JOIN pdt_mst pm ON(pm.id = pd.pdt_id)
        LEFT OUTER JOIN pdt_size_dtl psd ON(psd.id = pd.size_id)
        LEFT OUTER JOIN pdt_size_mst psm ON(psm.id = psd.size_id)
        LEFT OUTER JOIN pdt_image_mst pim ON(pim.pdt_id = pd.pdt_id)
        WHERE
        pd.id = #{pdtDtlId}
        LIMIT 1

    </select>

</mapper>



